{
	"poki_template_version": 1,
	"extra_html": {
	  "head": [
		"<!-- will be copied to the resulting head //-->"
	  ],
	  "body": [
		"<!-- will be copied to the resulting body //-->",
		"<!-- will also be copied to the resulting body //-->"
	  ]
	},
	"background_color": "#231F20",
	"background_filename": "",
	"code_filename": "b55c25aff2e62b6f97559609c0305ba6.wasm",
	"company_name": "UFOEVE",
	"data_filename": "5008fe1fe142a71efbf5645102112c97.data",
	"decompression_fallback": "Disabled",
	"development_player": "false",
	"framework_filename": "e237db93bd1f1a08e7214302eea635c9.js",
	"height": "1080",
	"loader_filename": "WebGL_poki.loader.js",
	"memory_filename": "",
	"product_name": "Botanica",
	"product_version": "1.0",
	"splash_screen_style": "Dark",
	"symbols_filename": "",
	"unity_version": "2022.3.20f1",
	"use_data_caching": "true",
	"use_threads": "false",
	"use_wasm": "true",
	"use_webgl_1_0": "false",
	"use_webgl_2_0": "true",
	"width": "1920"
  }
