{
	"poki_template_version": 1,
	"extra_html": {
	  "head": [
		"<!-- will be copied to the resulting head //-->"
	  ],
	  "body": [
		"<!-- will be copied to the resulting body //-->",
		"<!-- will also be copied to the resulting body //-->"
	  ]
	},
	"background_color": "#231F20",
	"background_filename": "",
	"code_filename": "aef24c58814321e46ad6e589faee24ea.wasm",
	"company_name": "UFOEVE",
	"data_filename": "56356395c9d179349c5ff04b0adadf9f.data",
	"decompression_fallback": "Disabled",
	"development_player": "false",
	"framework_filename": "0f442f18ccbfa8fe4568045e29601be7.js",
	"height": "1080",
	"loader_filename": "Poki_Botanica.loader.js",
	"memory_filename": "",
	"product_name": "Botanica",
	"product_version": "1.0",
	"splash_screen_style": "Dark",
	"symbols_filename": "",
	"unity_version": "2022.3.20f1",
	"use_data_caching": "true",
	"use_threads": "false",
	"use_wasm": "true",
	"use_webgl_1_0": "false",
	"use_webgl_2_0": "true",
	"width": "1920"
  }
